Workbook

Sheet performance_summary
A1: config_file | B1: chunk_size | C1: estimator | D1: pop_min | E1: exp_l | F1: pop_max | G1: exp_r | H1: pop_range | I1: exp_range | J1: nlearn_l | K1: nlearn_r | L1: ch_min | M1: ch_max | N1: poperr_min | O1: poperr_max | P1: poperr_range
A2: laptop_prices | B2: 50 | C2: bt_est_on | D2: 174 | E2: 191.9 | F2: 6099 | G2: 2858 | H2: 5925 | I2: 2666.1 | J2: 17 | K2: 2 | L2: 191.9 | M2: 191.9 | N2: -17.9 | O2: 3241 | P2: 3258.9
A3: laptop_prices | B3: 50 | C3: bt_est_on | D3: 174 | E3: 191.9 | F3: 6099 | G3: 2858 | H3: 5925 | I3: 2666.1 | J3: 0 | K3: 0 | L3: 229 | M3: 229 | N3: -17.9 | O3: 3241 | P3: 3258.9
A4: laptop_prices | B4: 50 | C4: bt_est_on | D4: 174 | E4: 191.9 | F4: 6099 | G4: 2858 | H4: 5925 | I4: 2666.1 | J4: 0 | K4: 0 | L4: 252.36 | M4: 252.36 | N4: -17.9 | O4: 3241 | P4: 3258.9
A5: laptop_prices | B5: 50 | C5: bt_est_on | D5: 174 | E5: 191.9 | F5: 6099 | G5: 6099 | H5: 5925 | I5: 5907.1 | J5: 25 | K5: 0 | L5: 260 | M5: 260 | N5: -17.9 | O5: 0 | P5: 17.9
A6: laptop_prices | B6: 50 | C6: bt_est_on | D6: 174 | E6: 191.9 | F6: 6099 | G6: 6099 | H6: 5925 | I6: 5907.1 | J6: 0 | K6: 0 | L6: 330 | M6: 330 | N6: -17.9 | O6: 0 | P6: 17.9
A7: laptop_prices | B7: 50 | C7: bt_est_on | D7: 174 | E7: 191.9 | F7: 6099 | G7: 6099 | H7: 5925 | I7: 5907.1 | J7: 0 | K7: 0 | L7: 199 | M7: 199 | N7: -17.9 | O7: 0 | P7: 17.9
A8: laptop_prices | B8: 50 | C8: bt_est_on | D8: 174 | E8: 191.9 | F8: 6099 | G8: 6099 | H8: 5925 | I8: 5907.1 | J8: 0 | K8: 0 | L8: 274.9 | M8: 274.9 | N8: -17.9 | O8: 0 | P8: 17.9
A9: laptop_prices | B9: 50 | C9: bt_est_onmm | D9: 174 | E9: 191.9 | F9: 6099 | G9: 2858 | H9: 5925 | I9: 2666.1 | J9: 17 | K9: 2 | L9: 191.9 | M9: 191.9 | N9: -17.9 | O9: 3241 | P9: 3258.9
A10: laptop_prices | B10: 50 | C10: bt_est_onmm | D10: 174 | E10: 191.9 | F10: 6099 | G10: 2858 | H10: 5925 | I10: 2666.1 | J10: 0 | K10: 0 | L10: 229 | M10: 229 | N10: -17.9 | O10: 3241 | P10: 3258.9
A11: laptop_prices | B11: 50 | C11: bt_est_onmm | D11: 174 | E11: 191.9 | F11: 6099 | G11: 2858 | H11: 5925 | I11: 2666.1 | J11: 0 | K11: 0 | L11: 252.36 | M11: 252.36 | N11: -17.9 | O11: 3241 | P11: 3258.9
A12: laptop_prices | B12: 50 | C12: bt_est_onmm | D12: 174 | E12: 191.9 | F12: 6099 | G12: 6099 | H12: 5925 | I12: 5907.1 | J12: 25 | K12: 0 | L12: 260 | M12: 260 | N12: -17.9 | O12: 0 | P12: 17.9
A13: laptop_prices | B13: 50 | C13: bt_est_onmm | D13: 174 | E13: 191.9 | F13: 6099 | G13: 6099 | H13: 5925 | I13: 5907.1 | J13: 0 | K13: 0 | L13: 330 | M13: 330 | N13: -17.9 | O13: 0 | P13: 17.9
... A945: world_tourism_economy_data | B945: 100 | C945: bt_est_on_out | D945: 0.15781844 | E945: 0.55341234 | F945: 28.192276 | G945: 25.859181 | H945: 28.034457 | I945: 25.305769 | J945: 0 | K945: 0 | L945: 1.085848 | M945: 1.085848 | N945: -0.3955939 | O945: 2.3330941 | P945: 2.728688

Sheet summarize
B1: config_file | C1: chunk_size | D1: estimator | E1: exp_l | F1: exp_r | G1: range_err
B2: =performance_summary!A2 -> laptop_prices | C2: 50 | D2: bt_est_on | E2: =performance_summary!E8 -> 191.9 | F2: =performance_summary!G8 -> 6099 | G2: =performance_summary!P8 -> 17.9
D3: bt_est_onmm | E3: =performance_summary!E15 -> 191.9 | F3: =performance_summary!G15 -> 6099 | G3: =performance_summary!P15 -> 17.9
D4: bt_est_trad | E4: =performance_summary!E22 -> 196.29308 | F4: =performance_summary!G22 -> 5176.1574 | G4: =performance_summary!P22 -> 945.13568
D5: bt_est_on_out | E5: =performance_summary!E29 -> 191.9 | F5: =performance_summary!G29 -> 6099 | G5: =performance_summary!P29 -> 17.9
C6: 100 | D6: bt_est_on | E6: =performance_summary!E32 -> 191.9 | F6: =performance_summary!G32 -> 6099 | G6: =performance_summary!P32 -> 17.9
D7: bt_est_onmm | E7: =performance_summary!E35 -> 191.9 | F7: =performance_summary!G35 -> 6099 | G7: =performance_summary!P35 -> 17.9
D8: bt_est_trad | E8: =performance_summary!E38 -> 195.9687 | F8: =performance_summary!G38 -> 5099.1126 | G8: =performance_summary!P38 -> 1021.8561
D9: bt_est_on_out | E9: =performance_summary!E41 -> 191.9 | F9: =performance_summary!G41 -> 6099 | G9: =performance_summary!P41 -> 17.9
B10: =performance_summary!A42 -> Electronic_sales_Sep2023-Sep2024 | C10: 50 | D10: bt_est_on | E10: =performance_summary!E161 -> 15.994091 | F10: =performance_summary!G161 -> 8460.707 | G10: =performance_summary!P161 -> 2931.3371
D11: bt_est_onmm | E11: =performance_summary!E281 -> 20.75 | F11: =performance_summary!G281 -> 8448.3 | G11: =performance_summary!P281 -> 2948.5
D12: bt_est_trad | E12: =performance_summary!E401 -> 20.75 | F12: =performance_summary!G401 -> 8448.3 | G12: =performance_summary!P401 -> 2948.5
D13: bt_est_on_out | E13: =performance_summary!E521 -> 18.442062 | F13: =performance_summary!G521 -> 8457.8957 | G13: =performance_summary!P521 -> 2936.5963
C14: 100 | D14: bt_est_on | E14: =performance_summary!E581 -> 18.712294 | F14: =performance_summary!G581 -> 8473.1412 | G14: =performance_summary!P581 -> 2921.6211
D15: bt_est_onmm | E15: =performance_summary!E641 -> 19.188473 | F15: =performance_summary!G641 -> 8448.3 | G15: =performance_summary!P641 -> 2946.9385
D16: bt_est_trad | E16: =performance_summary!E701 -> 20.75 | F16: =performance_summary!G701 -> 8448.3 | G16: =performance_summary!P701 -> 2948.5
D17: bt_est_on_out | E17: =performance_summary!E761 -> 19.88032 | F17: =performance_summary!G761 -> 8475.6876 | G17: =performance_summary!P761 -> 2920.2427
B18: =performance_summary!A762 -> Ecommerce_Sales_Prediction_Dataset | C18: 50 | D18: bt_est_on | E18: =performance_summary!E767 -> 102.72627 | F18: =performance_summary!G767 -> 10003.296 | G18: =performance_summary!P767 -> -5.2493624
D19: bt_est_onmm | E19: =performance_summary!E773 -> 289.53 | F19: =performance_summary!G773 -> 9613.11 | G19: =performance_summary!P773 -> 571.74
D20: bt_est_trad | E20: =performance_summary!E779 -> 138.76732 | F20: =performance_summary!G779 -> 9974.9349 | G20: =performance_summary!P779 -> 59.1524
D21: bt_est_on_out | E21: =performance_summary!E785 -> 100.56669 | F21: =performance_summary!G785 -> 10004.514 | G21: =performance_summary!P785 -> -8.6276403
C22: 100 | D22: bt_est_on | E22: =performance_summary!E788 -> 105.20576 | F22: =performance_summary!G788 -> 9997.0149 | G22: =performance_summary!P788 -> 3.5108378
D23: bt_est_onmm | E23: =performance_summary!E791 -> 289.53 | F23: =performance_summary!G791 -> 9972.66 | G23: =performance_summary!P791 -> 212.19
D24: bt_est_trad | E24: =performance_summary!E794 -> 137.33927 | F24: =performance_summary!G794 -> 9976.7882 | G24: =performance_summary!P794 -> 55.871033
D25: bt_est_on_out | E25: =performance_summary!E797 -> 102.31811 | F25: =performance_summary!G797 -> 10000.598 | G25: =performance_summary!P797 -> -2.9594101
B26: =performance_summary!A798 -> world_tourism_economy_data | C26: 50 | D26: bt_est_on | E26: =performance_summary!E822 -> 0.55525001 | F26: =performance_summary!G822 -> 25.859181 | G26: =performance_summary!P822 -> 2.7305257
D27: bt_est_onmm | E27: =performance_summary!E847 -> 0.55673878 | F27: =performance_summary!G847 -> 25.859181 | G27: =performance_summary!P847 -> 2.7320145
D28: bt_est_trad | E28: =performance_summary!E872 -> 0.63243859 | F28: =performance_summary!G872 -> 25.476599 | G28: =performance_summary!P872 -> 3.1902968
D29: bt_est_on_out | E29: =performance_summary!E897 -> 0.46498567 | F29: =performance_summary!G897 -> 25.859181 | G29: =performance_summary!P897 -> 2.6402614
C30: 100 | D30: bt_est_on | E30: =performance_summary!E909 -> 0.54620323 | F30: =performance_summary!G909 -> 25.859181 | G30: =performance_summary!P909 -> 2.7214789
D31: bt_est_onmm | E31: =performance_summary!E921 -> 1.5399336 | F31: =performance_summary!G921 -> 25.859181 | G31: =performance_summary!P921 -> 3.7152093
D32: bt_est_trad | E32: =performance_summary!E933 -> 0.62676128 | F32: =performance_summary!G933 -> 25.545556 | G32: =performance_summary!P933 -> 3.1156625
D33: bt_est_on_out | E33: =performance_summary!E945 -> 0.55341234 | F33: =performance_summary!G945 -> 25.859181 | G33: =performance_summary!P945 -> 2.728688
