Workbook

Sheet performance_summary_outlier_wal
A1: config_file | B1: chunk_size | C1: estimator | D1: pop_min | E1: exp_l | F1: pop_max | G1: exp_r | H1: pop_range | I1: exp_range | J1: nlearn_l | K1: nlearn_r | L1: ch_min | M1: ch_max | N1: poperr_min | O1: poperr_max | P1: poperr_range
A2: waldm1sd05n10000 | B2: 50 | C2: bt_est_on | D2: 0.032282022 | E2: 0.075603475 | F2: 15.194828 | G2: 11.994492 | H2: 15.162546 | I2: 11.918889 | J2: 43 | K2: 0 | L2: 0.076336466 | M2: 0.076336466 | N2: -0.043321454 | O2: 3.2003353 | P2: 3.2436568
A3: waldm1sd05n10000 | B3: 50 | C3: bt_est_on | D3: 0.032282022 | E3: 0.075603475 | F3: 15.194828 | G3: 11.994492 | H3: 15.162546 | I3: 11.918889 | J3: 0 | K3: 0 | L3: 0.083826291 | M3: 0.083826291 | N3: -0.043321454 | O3: 3.2003353 | P3: 3.2436568
A4: waldm1sd05n10000 | B4: 50 | C4: bt_est_on | D4: 0.032282022 | E4: 0.067463208 | F4: 15.194828 | G4: 11.994492 | H4: 15.162546 | I4: 11.927029 | J4: 43 | K4: 0 | L4: 0.067571326 | M4: 0.067571326 | N4: -0.035181186 | O4: 3.2003353 | P4: 3.2355165
A5: waldm1sd05n10000 | B5: 50 | C5: bt_est_on | D5: 0.032282022 | E5: 0.067463208 | F5: 15.194828 | G5: 11.994492 | H5: 15.162546 | I5: 11.927029 | J5: 0 | K5: 0 | L5: 0.078689879 | M5: 0.078689879 | N5: -0.035181186 | O5: 3.2003353 | P5: 3.2355165
A6: waldm1sd05n10000 | B6: 50 | C6: bt_est_on | D6: 0.032282022 | E6: 0.045411962 | F6: 15.194828 | G6: 11.994492 | H6: 15.162546 | I6: 11.94908 | J6: 46 | K6: 0 | L6: 0.047314312 | M6: 0.047314312 | N6: -0.01312994 | O6: 3.2003353 | P6: 3.2134653
A7: waldm1sd05n10000 | B7: 50 | C7: bt_est_on | D7: 0.032282022 | E7: 0.045411962 | F7: 15.194828 | G7: 11.994492 | H7: 15.162546 | I7: 11.94908 | J7: 0 | K7: 0 | L7: 0.079281163 | M7: 0.079281163 | N7: -0.01312994 | O7: 3.2003353 | P7: 3.2134653
A8: waldm1sd05n10000 | B8: 50 | C8: bt_est_on | D8: 0.032282022 | E8: 0.045411962 | F8: 15.194828 | G8: 11.994492 | H8: 15.162546 | I8: 11.94908 | J8: 0 | K8: 0 | L8: 0.050640904 | M8: 0.050640904 | N8: -0.01312994 | O8: 3.2003353 | P8: 3.2134653
A9: waldm1sd05n10000 | B9: 50 | C9: bt_est_on | D9: 0.032282022 | E9: 0.045411962 | F9: 15.194828 | G9: 14.19367 | H9: 15.162546 | I9: 14.148258 | J9: 44 | K9: 0 | L9: 0.099786694 | M9: 0.099786694 | N9: -0.01312994 | O9: 1.0011579 | P9: 1.0142879
A10: waldm1sd05n10000 | B10: 50 | C10: bt_est_on | D10: 0.032282022 | E10: 0.034903958 | F10: 15.194828 | G10: 14.19367 | H10: 15.162546 | I10: 14.158766 | J10: 45 | K10: 0 | L10: 0.036809662 | M10: 0.036809662 | N10: -0.0026219362 | O10: 1.0011579 | P10: 1.0037799
A11: waldm1sd05n10000 | B11: 50 | C11: bt_est_on | D11: 0.032282022 | E11: -13.166293 | F11: 15.194828 | G11: 14.660784 | H11: 15.162546 | I11: 27.827077 | J11: 2 | K11: 0 | L11: -13.166293 | M11: -13.166293 | N11: 13.198575 | O11: 0.53404321 | P11: -12.664531
A12: waldm1sd05n10000 | B12: 50 | C12: bt_est_on | D12: 0.032282022 | E12: -13.166293 | F12: 15.194828 | G12: 14.660784 | H12: 15.162546 | I12: 27.827077 | J12: 0 | K12: 0 | L12: 0.073010745 | M12: 0.073010745 | N12: 13.198575 | O12: 0.53404321 | P12: -12.664531
A13: waldm1sd05n10000 | B13: 50 | C13: bt_est_on | D13: 0.032282022 | E13: -13.166293 | F13: 15.194828 | G13: 14.660784 | H13: 15.162546 | I13: 27.827077 | J13: 0 | K13: 0 | L13: 0.055718853 | M13: 0.055718853 | N13: 13.198575 | O13: 0.53404321 | P13: -12.664531
... A529: waldm1sd2n10000 | B529: 500 | C529: bt_est_on_out | D529: 0.10901008 | E529: 0.12700775 | F529: 12.830501 | G529: 8.7626865 | H529: 12.721491 | I529: 8.6356788 | J529: 0 | K529: 0 | L529: 0.15847947 | M529: 0.15847947 | N529: -0.017997668 | O529: 4.0678147 | P529: 4.0858124

Sheet summarize
B1: config_file | C1: chunk_size | D1: estimator | E1: exp_l | F1: exp_r | G1: range_err | H1: mean over time | I1: stat | J1: Reject H0 | K1: sig
B2: =performance_summary_outlier_wal!A2 -> waldm1sd05n10000 | C2: 50 | D2: bt_est_on | E2: =performance_summary_outlier_wal!E61 -> -13.166293 | F2: =performance_summary_outlier_wal!G61 -> 15.103281 | G2: =performance_summary_outlier_wal!P61 -> -13.107028 | H2: n/a | I2: t | J2: f
D3: bt_est_onmm | E3: =performance_summary_outlier_wal!E121 -> 0.041385193 | F3: =performance_summary_outlier_wal!G121 -> 15.103281 | G3: =performance_summary_outlier_wal!P121 -> 0.10065022 | H3: 0.74 | I3: t | J3: t | K3: **
D4: bt_est_trad | E4: =performance_summary_outlier_wal!E181 -> -11.72529 | F4: =performance_summary_outlier_wal!G181 -> 14.893803 | G4: =performance_summary_outlier_wal!P181 -> -11.456547 | H4: n/a | I4: t | J4: f
D5: bt_est_on_out | E5: =performance_summary_outlier_wal!E241 -> 0.036288229 | F5: =performance_summary_outlier_wal!G241 -> 15.103281 | G5: =performance_summary_outlier_wal!P241 -> 0.095553252 | H5: 0.73
C6: 500 | D6: bt_est_on | E6: =performance_summary_outlier_wal!E247 -> -13.166293 | F6: =performance_summary_outlier_wal!G247 -> 15.103281 | G6: =performance_summary_outlier_wal!P247 -> -13.107028 | H6: -3.7 | I6: w | J6: f
D7: bt_est_onmm | E7: =performance_summary_outlier_wal!E253 -> -13.166293 | F7: =performance_summary_outlier_wal!G253 -> 15.103281 | G7: =performance_summary_outlier_wal!P253 -> -13.107028 | H7: -3.7 | I7: w | J7: f
D8: bt_est_trad | E8: =performance_summary_outlier_wal!E259 -> -11.089373 | F8: =performance_summary_outlier_wal!G259 -> 14.916613 | G8: =performance_summary_outlier_wal!P259 -> -10.84344 | H8: -2.37 | I8: w | J8: f
D9: bt_est_on_out | E9: =performance_summary_outlier_wal!E265 -> 0.036593223 | F9: =performance_summary_outlier_wal!G265 -> 15.103281 | G9: =performance_summary_outlier_wal!P265 -> 0.095858245 | H9: 0.7
B10: =performance_summary_outlier_wal!A266 -> waldm1sd2n10000 | C10: 50 | D10: bt_est_on | E10: =performance_summary_outlier_wal!E325 -> -6.2504327 | F10: =performance_summary_outlier_wal!G325 -> 8.7626865 | G10: =performance_summary_outlier_wal!P325 -> -2.2916281 | H10: -0.62 | I10: t | J10: f
D11: bt_est_onmm | E11: =performance_summary_outlier_wal!E385 -> 0.12798677 | F11: =performance_summary_outlier_wal!G385 -> 8.7626865 | G11: =performance_summary_outlier_wal!P385 -> 4.0867914 | H11: 4.9 | I11: t | J11: t | K11: **
D12: bt_est_trad | E12: =performance_summary_outlier_wal!E445 -> -5.2793827 | F12: =performance_summary_outlier_wal!G445 -> 8.4971131 | G12: =performance_summary_outlier_wal!P445 -> -1.0550046 | H12: 0.47 | I12: t | J12: t | K12: **
D13: bt_est_on_out | E13: =performance_summary_outlier_wal!E505 -> -5.9225622 | F13: =performance_summary_outlier_wal!G505 -> 8.7626865 | G13: =performance_summary_outlier_wal!P505 -> -1.9637576 | H13: -0.34
C14: 500 | D14: bt_est_on | E14: =performance_summary_outlier_wal!E511 -> -6.2504327 | F14: =performance_summary_outlier_wal!G511 -> 8.7626865 | G14: =performance_summary_outlier_wal!P511 -> -2.2916281 | H14: 4.83 | I14: w | J14: f
D15: bt_est_onmm | E15: =performance_summary_outlier_wal!E517 -> 0.1809979 | F15: =performance_summary_outlier_wal!G517 -> 8.7626865 | G15: =performance_summary_outlier_wal!P517 -> 4.1398025 | H15: 7 | I15: w | J15: t | K15: *
D16: bt_est_trad | E16: =performance_summary_outlier_wal!E523 -> -5.2681811 | F16: =performance_summary_outlier_wal!G523 -> 8.5177065 | G16: =performance_summary_outlier_wal!P523 -> -1.0643964 | H16: 5.23 | I16: w | J16: f
D17: bt_est_on_out | E17: =performance_summary_outlier_wal!E529 -> 0.12700775 | F17: =performance_summary_outlier_wal!G529 -> 8.7626865 | G17: =performance_summary_outlier_wal!P529 -> 4.0858124 | H17: 6.96
